"	No",ADID,Make,Model,Trim,Year,Category,Description,Price,Vin,StockNo,OdoMeter,Thumbnail,ExteriorColor,InteriorColor,BodyStyle,FuelType,DriveType,Transmission,Doors,Condition,SoldTime,UpdateTime,CreateTime
1,36060670,Toyota,Highlander,LIMITED,2016,Sport Utility,"SOLD CERTIFIED   PLUS HST AND LICENSING  TOYOTA CERTIFIED VEHICLE  FACTORY POWER TRAIN WARRANTY TILL DECEMBER 02,2020/100,000KM  *************************************************  Carproof History Report OR UCDA claims report provided with each vehicle.",40995,5TDDKRFH4GS227454,U6839,19586,http://azr.cdnmedia.autotrader.ca/5/photos/import/201801/1023/1220/7183f669-d7fc-47b3-8312-7f9f640718d0.jpg,Blue,Black,SUV,Gas,AWD,Automatic,5,,2/6/2018,1/29/2018 15:52,11/1/2017 14:19
2,37066839,Toyota,Highlander,LIMITED,2015,Sport Utility,"SOLD CERTIFIED   PLUS HST AND LICENSING  TOYOTA CERTIFIED VEHICLE  FACTORY POWER TRAIN WARRANTY TILL OCTOBER 30,2019/100,000KM  *************************************************  Carproof History Report OR UCDA claims report provided with each vehicle.",37995,5TDDKRFH9FS095533,U6891,75039,http://azr.cdnmedia.autotrader.ca/5/photos/201802/0119/4417/2661640c-09e9-47de-952a-c2a4e973e5bf.jpg,White,Black,SUV,Gas,AWD,Automatic,4,,2/6/2018,2/1/2018 19:46,1/29/2018 15:56
3,36662569,Toyota,RAV4,XLE,2015,Sport Utility,"SOLD CERTIFIED   PLUS HST AND LICENSING  TOYOTA CERTIFIED VEHICLE  FACTORY POWER TRAIN WARRANTY TILL APRIL 07,2020/100,000KM  *************************************************  Carproof History Report OR UCDA claims report provided with each vehicle.",24995,2T3RFREV3FW317841,31878A,63620,http://azr.cdnmedia.autotrader.ca/5/photos/import/201802/0722/5109/138bbc7a-3f11-41d8-b76a-64853b0f0d93.jpg,Grey,Dark Grey,SUV,Gas,AWD,Automatic,4,,2/14/2018,2/7/2018 22:46,12/21/2017 20:28
4,36483882,Toyota,Corolla,"S, NAVIGATION, LEATHER",2015,Car,"SOLD CERTIFIED   PLUS HST AND LICENSING  TOYOTA CERTIFIED VEHICLE  FACTORY POWER TRAIN WARRANTY TILL NOVEMBER 10,2019/100,000KM  *************************************************  Carproof History Report OR UCDA claims report provided with each vehicle.",18995,2T1BURHE7FC272979,U6858A,27804,http://azr.cdnmedia.autotrader.ca/5/photos/import/201802/0722/3255/832e720b-9b53-4ef0-bf24-100ad5f23b50.jpg,Blue,Dark Grey,Sedan,Gas,FWD,Automatic,4,,2/20/2018,2/7/2018 22:27,12/6/2017 17:25
5,36995810,Lexus,NX 200T,Executive Package,2017,Sport Utility,"EXECUTIVE PACKAGE, LOADED, 10 Speakers Power Back Door Dynamic Radar Cruise Control Qi-compatible wireless smartphone charging with charge indicator light Garage Door Opener Clearance and Backup Sensors 120V/100-watt Power Outlet Power slide / tilt Moonroof Aluminum Roof Rails Remote Touch Interface Voice-activated SD Card Based Navigation System with Remote Touch Head-Up Display Auto Leveling Headlamp System LED Headlamps - High Beam Premium LED Headlamps Memory Mirrors Auto-dimming Side View Mirrors Pre Collision System Rear Cross Traffic Alert Lane Departure Alert Blind Spot Monitor System Auto High Beam Power Tilt & Telescopic Steering Wheel Heated Steering Wheel Leather Seat Surfaces Heated & Ventilated Front Seats Driver Seat Memory System Power Switches for Rear Seat Remote Release on Front Dashboard and in Cargo Area Woodgrain Trim Unique 18 Alloy Wheels Rain Sensing Wipers.      SOLD CERTIFIED   PLUS HST AND LICENSING    *************************************************  Carproof History Report OR UCDA claims report provided with each vehicle.",47995,JTJBARBZ5H2125126,U6884,9702,http://azr.cdnmedia.autotrader.ca/5/photos/import/201802/0523/2844/8b850972-bcca-413c-8e34-c47e7397b43e.jpg,White,Black,SUV,Gas,AWD,Automatic,4,,2/20/2018,2/5/2018 23:23,1/23/2018 14:44
6,36483888,Toyota,Matrix,BASE,2014,Car,"SOLD CERTIFIED   PLUS HST AND LICENSING  TOYOTA CERTIFIED VEHICLE  FACTORY POWER TRAIN WARRANTY TILL AUGUST 20,2019/100,000KM  *************************************************  Carproof History Report OR UCDA claims report provided with each vehicle.",15995,2T1KU4EE7EC136521,31438A,47325,http://azr.cdnmedia.autotrader.ca/5/photos/import/201802/0722/5013/7ec069ab-96e4-4178-ab54-a1f0dfd77212.jpg,White,Light Grey,Hatchback,Gas,FWD,Automatic,5,,2/22/2018,2/7/2018 22:45,12/6/2017 17:25
7,36956323,Toyota,4Runner,LIMITED 7PASSENGER,2017,Sport Utility,SOLD CERTIFIED   PLUS HST AND LICENSING  TOYOTA CERTIFIED VEHICLE  FACTORY POWER TRAIN WARRANTY TILL   *************************************************  COMPANY DEMO  Carproof History Report OR UCDA claims report provided with each vehicle.,46995,,31376A,13950,http://azr.cdnmedia.autotrader.ca/5/photos/201802/0819/3346/78f2fdfc-de6d-45d1-a6c3-ea9f06a67e09.jpg,White,Black,SUV,Gas,4x4,5 Speed Automatic,4,,2/27/2018,2/8/2018 19:33,1/19/2018 17:19
8,36256558,Toyota,Corolla,S,2015,Car,"SOLD CERTIFIED     PLUS HST AND LICENSING    TOYOTA CERTIFIED VEHICLE    FACTORY POWER TRAIN WARRANTY TILL JULY 21,2020/100,000KM    *************************************************    Carproof History Report OR UCDA claims report provided with each vehicle.",14995,2T1BURHE3FC435417,U6848,78735,http://azr.cdnmedia.autotrader.ca/5/photos/import/201802/0515/4531/3825bf16-6ad8-4f4d-b32d-9f55de28f713.jpg,Black,Dark Grey,Sedan,Gas,FWD,Automatic,4,,2/28/2018,2/14/2018 14:06,11/17/2017 18:20
9,36924652,Lexus,IS 250,F SPORT PACKAGE AWD,2014,Car,SOLD CERTIFIED   PLUS HST AND LICENSING    *************************************************  Carproof History Report OR UCDA claims report provided with each vehicle.,29995,JTHCF1D27E5007968,U6875,35311,http://azr.cdnmedia.autotrader.ca/5/photos/import/201801/2714/4432/827d654c-96f1-47b6-b7f2-ab235ae4f53a.jpg,White,Black,Sedan,Gas,AWD,Automatic,4,,3/1/2018,2/7/2018 22:43,1/17/2018 15:35
10,36362942,Toyota,Corolla,LE,2015,Car,SOLD CERTIFIED     PLUS HST AND LICENSING    TOYOTA CERTIFIED VEHICLE    FACTORY POWER TRAIN WARRANTY TILL     *************************************************    Carproof History Report OR UCDA claims report provided with each vehicle.,14995,2T1BURHE2FC419693,31798A,63744,http://azr.cdnmedia.autotrader.ca/5/photos/import/201803/0116/2925/e851f853-7134-4e6a-9981-6039cc4e8c6a.jpg,Burgundy ,Beige,Sedan,Gas,FWD,Automatic,4,,3/5/2018,3/1/2018 16:24,11/27/2017 16:35
11,36483906,Toyota,RAV4,LE,2016,Sport Utility,"SOLD CERTIFIED   PLUS HST AND LICENSING  TOYOTA CERTIFIED VEHICLE  FACTORY POWER TRAIN WARRANTY TILL MARCH 17,2021/100,000KM  *************************************************  Carproof History Report OR UCDA claims report provided with each vehicle.",21495,2T3ZFREV7GW265499,U6860,51589,http://azr.cdnmedia.autotrader.ca/5/photos/import/201802/0722/5246/84033af6-1676-4e35-85cf-fc12e159081b.jpg,Black,Dark Grey,SUV,Gas,FWD,6 Speed Automatic,4,,3/5/2018,2/7/2018 22:48,12/6/2017 17:28
12,36540905,Hyundai,Elantra,Sport Appearance,2016,Car,SOLD CERTIFIED     PLUS HST AND LICENSING        *************************************************    Carproof History Report OR UCDA claims report provided with each vehicle.,12495,KMHDH4AE4GU553390,U6854A,54394,http://azr.cdnmedia.autotrader.ca/5/photos/import/201802/0722/4027/2614eb81-0cbb-44cc-8880-9b3bf1087285.jpg,Grey,Black,Sedan,Gas,FWD,Automatic,4,,3/6/2018,3/5/2018 16:41,12/11/2017 14:40
13,36585746,Toyota,C-HR,"XLE PREMIUM, ALLOY,PUSH BUTTON",2018,Sport Utility,"SOLD CERTIFIED   PLUS HST AND LICENSING  TOYOTA CERTIFIED VEHICLE  FACTORY POWER TRAIN WARRANTY TILL JULY 12,2022/100,000KM  *************************************************  Carproof History Report OR UCDA claims report provided with each vehicle.",24995,NMTKHMBX6JR018776,U6868,12910,http://azr.cdnmedia.autotrader.ca/5/photos/import/201802/0614/2706/eb3ee929-f5e0-4b83-a6be-1c8650be1190.jpg,Grey,Dark Grey,SUV,Gas,FWD,Automatic,4,,3/9/2018,2/6/2018 14:21,12/14/2017 20:00
14,37345782,Toyota,Highlander,V6 Limited (A5),2013,Sport Utility,"SOLD CERTIFIED PLUS HST AND LICENSING FACTORY POWER TRAIN WARRANTY TILL JANUARY 20,2019/100,000KM*************************************************Carproof History Report OR UCDA claims report provided with each vehicle.",26995,5TDDK3EH1DS245985,31881A,84108,http://azr.cdnmedia.autotrader.ca/5/photos/import/201802/2507/1811/d23ce587-c05f-4152-8eed-1420aeb6997e.jpg,White,Black,SUV,Gas,AWD,Automatic,4,,3/9/2018,3/9/2018 2:30,2/20/2018 21:06
15,36337334,Toyota,RAV4,LE,2017,Sport Utility,"SOLD CERTIFIED     PLUS HST AND LICENSING    TOYOTA CERTIFIED VEHICLE    FACTORY POWER TRAIN WARRANTY TILL NOVEMBER 28,2021/100,000KM    *************************************************    FORMER DAILY RENTAL VEHICLE    Carproof History Report OR UCDA claims report provided with each vehicle.",23995,2T3BFREVXHW573639,U6850,32639,http://azr.cdnmedia.autotrader.ca/5/photos/import/201801/1023/1139/de5dc78d-2e75-4080-822e-34b85b5b7f07.jpg,SILVER,Dark Grey,SUV,Gas,AWD,Automatic,4,,3/12/2018,3/5/2018 16:41,11/24/2017 15:47
16,37008480,Hyundai,Genesis Coupe,2.0T GT LEATHER SUNROOF,2010,Car,SOLD CERTIFIED   PLUS HST AND LICENSING    *************************************************  Carproof History Report OR UCDA claims report provided with each vehicle.,11995,KMHHT6KD7AU029336,U6887,108147,http://azr.cdnmedia.autotrader.ca/5/photos/import/201801/2714/4642/0f90213e-a55f-43a8-b1be-bac08951d5d7.jpg,White,Black,Coupe,Gas,RWD,Automatic,2,,3/13/2018,1/27/2018 14:41,1/24/2018 14:42
17,37557399,Toyota,Corolla,LE,2014,Car,"SOLD CERTIFIED   PLUS HST AND LICENSING TOYOTA CERTIFIED VEHICLE FACTORY POWER TRAIN WARRANTY TILL MARCH 29,2019/100.000KM ************************************************* Carproof History Report OR UCDA claims report provided with each vehicle.",16995,2T1BURHE8EC122460,31589A,24921,http://azr.cdnmedia.autotrader.ca/5/photos/201803/1415/3050/6b06b248-a586-41d6-827d-85bf07153d68.jpg,Grey,Dark Grey,Sedan,Gas,FWD,Automatic,4,,3/19/2018,3/14/2018 15:36,3/6/2018 14:14
18,36985110,Toyota,Venza,"Base, ROOF LEATHER",2014,Sport Utility,"SOLD CERTIFIED   PLUS HST AND LICENSING  TOYOTA CERTIFIED VEHICLE  FACTORY POWER TRAIN WARRANTY TILL MARCH 27,2019/100,000KM  *************************************************  Carproof History Report OR UCDA claims report provided with each vehicle.",19995,4T3ZA3BB6EU081397,U6883,57961,http://azr.cdnmedia.autotrader.ca/5/photos/import/201801/2815/0432/a0512d6a-6f49-4784-8902-70ae2aff23a5.jpg,White,Light Grey,SUV,Gas,FWD,Automatic,4,,3/19/2018,1/28/2018 14:59,1/22/2018 17:53
19,37780978,Toyota,RAV4,LE (A6) FWD,2013,Sport Utility,"SOLD CERTIFIED   PLUS HST AND LICENSING  FACTORY POWER TRAIN WARRANTY TILL AUGUST 15, 2018/100,000KM  *************************************************  Carproof History Report OR UCDA claims report provided with each vehicle.",18995,2T3ZFREV3DW013504,32066A,55371,,Grey,Dark Grey,SUV,Gas,FWD,Automatic,4,,3/21/2018,3/20/2018 13:42,3/19/2018 14:59
20,36617693,Toyota,Camry,LE,2014,Car,SOLD CERTIFIED     PLUS HST AND LICENSING    FACTORY POWER TRAIN WARRANTY TILL     *************************************************    Carproof History Report OR UCDA claims report provided with each vehicle.,13995,4T1BF1FK8EU755172,31685A,97228,http://azr.cdnmedia.autotrader.ca/5/photos/import/201802/0722/2416/74f6563f-802a-4bd3-9a3d-62cce11bd250.jpg,White,Beige,Sedan,Gas,FWD,Automatic,4,,3/22/2018,3/15/2018 16:16,12/18/2017 14:43
21,36858377,Toyota,Corolla,CE,2015,Car,"SOLD CERTIFIED     PLUS HST AND LICENSING    TOYOTA CERTIFIED VEHICLE    FACTORY POWER TRAIN WARRANTY TILL AUGUST 01,2020/100,000KM    *************************************************    Carproof History Report OR UCDA claims report provided with each vehicle.",14995,2T1BURHE4FC473710,U6878,26822,http://azr.cdnmedia.autotrader.ca/5/photos/import/201803/2014/3031/3a015250-3c38-442b-8ff2-6a5e194972e4.jpg,Grey,Dark Grey,Sedan,Gas,FWD,Automatic,4,,3/27/2018,3/20/2018 14:29,1/11/2018 14:26
22,36858381,Toyota,Camry,"XSE, WITH NAVIGATION",2017,Car,"SOLD CERTIFIED   PLUS HST AND LICENSING  TOYOTA CERTIFIED VEHICLE  FACTORY POWER TRAIN WARRANTY TILL MARCH 31,2022/100,000KM  *************************************************  Carproof History Report OR UCDA claims report provided with each vehicle.",25995,4T1BF1FK1HU385221,U6879,3868,http://azr.cdnmedia.autotrader.ca/5/photos/import/201803/2014/2851/0f27ec71-6e31-4a1f-ada1-4e850770122a.jpg,White,Black,Sedan,Gas,FWD,Automatic,4,,3/27/2018,3/20/2018 14:24,1/11/2018 14:27
23,37482378,Toyota,RAV4,LE FWD,2015,Sport Utility,"SOLD CERTIFIED   PLUS HST AND LICENSING  TOYOTA CERTIFIED VEHICLE  FACTORY POWER TRAIN WARRANTY TILL AUGUAST 28, 2020/100,000KM  *************************************************  Carproof History Report OR UCDA claims report provided with each vehicle.",20995,2T3ZFREV0FW216515,31597A,44773,http://azr.cdnmedia.autotrader.ca/5/photos/import/201803/2013/5227/d078e333-edbb-4030-a1fe-a9ed83a046bf.jpg,Burgundy ,Beige,SUV,Gas,FWD,Automatic,4,,4/4/2018,3/20/2018 13:47,3/1/2018 16:33
24,37626736,Toyota,Prius,"TECH,LEATHER,NAVI",2014,Car,"SOLD CERTIFIED   PLUS HST AND LICENSING TOYOTA CERTIFIED VEHICLE FACTORY POWER TRAIN WARRANTY TILL APRIL 07,2019/100,000KM ************************************************* Carproof History Report OR UCDA claims report provided with each vehicle.",20995,JTDKN3DU9E1789341,U6901,70526,http://azr.cdnmedia.autotrader.ca/5/photos/201803/2216/1112/24b1b8f4-39f7-4450-99df-caf5f289a384.jpg,Grey,Dark Grey,Hatchback,Gasoline Hybrid,FWD,Automatic,5,,4/4/2018,3/22/2018 16:13,3/9/2018 22:33
25,37626740,Toyota,Venza,Base V6 AWD,2014,Sport Utility,"SOLD CERTIFIED   PLUS HST AND LICENSING  TOYOTA CERTIFIED VEHICLE FACTORY POWER TRAIN WARRANTY TILL MAY 17,2019/100,000KM ************************************************* Carproof History Report OR UCDA claims report provided with each vehicle.",19995,4T3BK3BBXEU105778,32047A,85102,http://azr.cdnmedia.autotrader.ca/5/photos/201803/2215/1021/95fcde81-16fe-41fa-8cf3-0465cc77334d.jpg,Grey,Dark Grey,SUV,Gas,AWD,Automatic,4,,4/4/2018,3/22/2018 15:17,3/9/2018 22:34
26,36832541,Honda,Civic,"EX-L Navi, LEATHER, SUN(A5)",2013,Car,SOLD CERTIFIED     PLUS HST AND LICENSING        *************************************************    Carproof History Report OR UCDA claims report provided with each vehicle.,12995,2HGFG3B95DH004602,U6862A,124833,http://azr.cdnmedia.autotrader.ca/5/photos/import/201803/2014/3535/43964055-68f8-46c2-b28c-a6d6c2d990fc.jpg,Black,Black,Coupe,Gas,FWD,Automatic,2,,4/5/2018,4/4/2018 18:25,1/9/2018 16:30
27,37009819,Toyota,RAV4,LE AWD,2014,Sport Utility,SOLD CERTIFIED     PLUS HST AND LICENSING    TOYOTA CERTIFIED VEHICLE    FACTORY POWER TRAIN WARRANTY TILL     *************************************************    Carproof History Report OR UCDA claims report provided with each vehicle.,18995,2T3BFREV9EW134430,U6888,72562,http://azr.cdnmedia.autotrader.ca/5/photos/import/201801/2615/4817/f2f52d99-dfab-405f-a146-9129fe36c3cc.jpg,Grey,Dark Grey,SUV,Gas,AWD,Automatic,4,,4/7/2018,3/20/2018 14:13,1/24/2018 15:34
28,36292971,Toyota,RAV4,LE,2017,Sport Utility,"SOLD CERTIFIED     PLUS HST AND LICENSING    FACTORY POWER TRAIN WARRANTY TILL NOVEMBER 23,2021/100,000KM    *************************************************    FORMER DAILY RENTAL VEHICLE    Carproof History Report OR UCDA claims report provided with each vehicle.",22995,2T3BFREV8HW573221,U6849,48368,http://azr.cdnmedia.autotrader.ca/5/photos/import/201801/1023/1154/4858ce32-250d-4ea1-823c-01efeb1ac271.jpg,Grey,Dark Grey,SUV,Gas,AWD,Automatic,4,,4/9/2018,4/6/2018 15:37,11/21/2017 16:49
29,37542715,Toyota,4Runner,LIMITED 7 Passenger,2016,Sport Utility,"SOLD CERTIFIED AND E-TESTED  PLUS HST AND LICENSING  TOYOTA CERTIFIED VEHICLE  FACTORY POWER TRAIN WARRANTY TILL SEPTEMBER 29,2021/100,000KM  *************************************************  Carproof History Report OR UCDA claims report provided with each vehicle.",42995,JTEBU5JR7G5364514,U6900,18502,http://azr.cdnmedia.autotrader.ca/5/photos/import/201803/2820/1718/aa573a84-07ec-4120-8933-3a7b7027188f.jpg,White,Black,SUV,Gas,4x4,Automatic,4,,4/9/2018,3/28/2018 20:12,3/5/2018 18:00
30,36900802,Toyota,Corolla,"Tech pack, leather, roof,Navi",2015,Car,"SOLD CERTIFIED     PLUS HST AND LICENSING    TOYOTA CERTIFIED VEHICLE    FACTORY POWER TRAIN WARRANTY TILL MARCH 18,2020/100,000KM    *************************************************    Carproof History Report OR UCDA claims report provided with each vehicle.",16995,2T1BURHE3FC332692,31500A,37656,http://azr.cdnmedia.autotrader.ca/5/photos/import/201801/1911/2949/48813729-3403-48f7-8ead-e8d6a366e264.jpg,Grey,Dark Grey,Sedan,Gas,FWD,6 Speed Manual,4,,4/9/2018,3/22/2018 15:23,1/15/2018 15:29
31,38107465,Toyota,RAV4,XLE,2015,Sport Utility,"SOLD CERTIFIED  PLUS HST AND LICENSING TOYOTA CERTIFIED VEHICLE FACTORY POWER TRAIN WARRANTY TILL DECEMBER 19,2019/100,000KM ************************************************* Carproof History Report OR UCDA claims report provided with each vehicle.",21995,2T3WFREV9FW142062,32117A,48008,http://azr.cdnmedia.autotrader.ca/5/photos/201804/0621/4805/153c413b-d33e-421c-a17c-ad7b6ac9d84a.jpg, , ,SUV, ,FWD,Automatic,4,,4/10/2018,4/6/2018 21:48,4/6/2018 14:06
32,38107434,Toyota,RAV4,LE,2015,Sport Utility,"SOLD CERTIFIED   PLUS HST AND LICENSING TOYOTA CERTIFIED VEHICLE FACTORY POWER TRAIN WARRANTY TILL NOVEMBER 10,2019/100,000KM ************************************************* Carproof History Report OR UCDA claims report provided with each vehicle.",20995,2T3ZFREV0FW136244,32108A,42694,http://azr.cdnmedia.autotrader.ca/5/photos/201804/0915/4401/528303ec-31f9-4420-95a4-b78410f4eb2d.jpg,Blue,Dark Grey,SUV, ,FWD,Automatic,4,,4/10/2018,4/9/2018 15:51,4/6/2018 14:03
33,37909417,Toyota,RAV4,LE,2014,Sport Utility,"SOLD CERTIFIED  PLUS HST AND LICENSING TOYOTA CERTIFIED VEHICLE FACTORY POWER TRAIN WARRANTY TILL MARCH 27,2019/100,000KM ************************************************* Carproof History Report OR UCDA claims report provided with each vehicle.",18995,2T3ZFREV0EW087092,U6908,53215,http://azr.cdnmedia.autotrader.ca/5/photos/201804/0621/5114/74016606-6911-491d-b581-a279df8e80c2.jpg,Black,Dark Grey,SUV,Gas,FWD,Automatic,4,,4/10/2018,4/6/2018 21:51,3/26/2018 19:00
34,37463121,Toyota,Corolla,S,2016,Car,"SOLD CERTIFIED   PLUS HST AND LICENSING TOYOTA CERTIFIED VEHICLE FACTORY POWER TRAIN WARRANTY TILL OCTOBER 26,2020/100,000KM ************************************************* Carproof History Report OR UCDA claims report provided with each vehicle.",17995,2T1BURHE6GC519345,U6898,57811,http://azr.cdnmedia.autotrader.ca/5/photos/201803/0118/3406/7c5f248e-edf4-4d20-8b34-52b501bca706.jpg,White,Light Grey,Sedan, ,FWD,Automatic,4,,4/10/2018,3/1/2018 18:37,2/28/2018 14:20
35,38107351,Toyota,Corolla,LE,2015,Car,"SOLD CERTIFIED   PLUS HST AND LICENSING TOYOTA CERTIFIED VEHICLE FACTORY POWER TRAIN WARRANTY TILL JUNE 30,2020/100,000KM ************************************************* Carproof History Report OR UCDA claims report provided with each vehicle.",14995,2T1BURHE9FC337606,32104A,78048,http://azr.cdnmedia.autotrader.ca/5/photos/201804/0915/2227/d9341967-981e-4401-8a6c-c3da8f5c02b6.jpg,Burgundy ,Beige,Sedan, ,FWD,Automatic,4,,4/10/2018,4/9/2018 15:22,4/6/2018 13:57
36,37357137,Toyota,Corolla,LE,2014,Car,"SOLD CERTIFIED PLUS HST AND LICENSINGTOYOTA CERTIFIED VEHICLEFACTORY POWER TRAIN WARRANTY TILL SEPTEMBER 13, 2018/100,000KM*************************************************Carproof History Report OR UCDA claims report provided with each vehicle.",15995,2T1BURHEXEC018651,U6896,63004,http://azr.cdnmedia.autotrader.ca/5/photos/import/201802/2305/2803/aea06c8a-6a4d-4b56-bb0d-edfd59bbdcaa.jpg,White,Light Grey,Sedan,Gas,FWD,Automatic,4,,4/10/2018,2/24/2018 6:16,2/21/2018 16:22
37,36955099,Toyota,Corolla,CE,2014,Car,"SOLD CERTIFIED     PLUS HST AND LICENSING    TOYOTA CERTIFIED VEHICLE    FACTORY POWER TRAIN WARRANTY TILL FEBRUARY 03,2019/100,000KM    *************************************************    Carproof History Report OR UCDA claims report provided with each vehicle.",14495,2T1BURHE1EC066524,U6882,41462,http://azr.cdnmedia.autotrader.ca/5/photos/import/201803/2014/2620/c12829e7-c44d-4b68-a747-aaf740ae8d73.jpg,SILVER,Light Grey,Sedan,Gas,FWD,Automatic,4,,4/10/2018,3/20/2018 14:21,1/19/2018 15:00
38,38107129,Toyota,Corolla,CE,2014,Car,"SOLD CERTIFIED   PLUS HST AND LICENSING  TOYOTA CERTIFIED VEHICLE  FACTORY POWER TRAIN WARRANTY TILL APRIL 30, 2019/100,000KM  *************************************************  Carproof History Report OR UCDA claims report provided with each vehicle.",14995,2T1BURHE6EC119511,31757A,25351,http://azr.cdnmedia.autotrader.ca/5/photos/import/201804/0919/5404/9afee9a2-cf8d-4961-9f79-a914707facc7.jpg,SILVER,Light Grey,Sedan,Gas,FWD,Automatic,4,,4/10/2018,4/9/2018 19:48,4/6/2018 13:31
39,38108204,Toyota,Venza,-,2016,Sport Utility,"SOLD CERTIFIED   PLUS HST AND LICENSING TOYOTA CERTIFIED VEHICLE FACTORY POWER TRAIN WARRANTY TILL MAY 18,2022/100,000KM ************************************************* Carproof History Report OR UCDA claims report provided with each vehicle.",29995,4T3BA3BB3GU078140,31722A,16920,http://azr.cdnmedia.autotrader.ca/5/photos/201804/0916/2502/aa78554d-381b-4c8b-81c4-5d9eceaa6487.jpg,SILVER,Dark Grey,SUV, ,AWD,Automatic,4,,4/10/2018,4/9/2018 16:28,4/6/2018 15:53
40,37908821,Toyota,4Runner,SR5 V6,2015,Sport Utility,"SOLD CERTIFIED   PLUS HST AND LICENSING TOYOTA CERTIFIED VEHICLE FACTORY POWER TRAIN WARRANTY TILL DECEMBER 01,2019/100,000KM ************************************************* Carproof History Report OR UCDA claims report provided with each vehicle.",37995,JTEBU5JR7F5215521,32096A,76299,http://azr.cdnmedia.autotrader.ca/5/photos/201804/0515/5238/b0e1d0d5-720f-4ece-a1ed-7aa8d4cff93d.jpg,Black,Dark Grey,SUV,Gas,4x4,Automatic,4,,4/10/2018,4/5/2018 16:01,3/26/2018 17:51
41,37462998,Toyota,4Runner,SR5 V6 Trail Edition,2015,Sport Utility,"SOLD CERTIFIED   PLUS HST AND LICENSING TOYOTA CERTIFIED VEHICLE FACTORY POWER TRAIN WARRANTY TILL JULY 22, 2020/100,000KM ************************************************* Carproof History Report OR UCDA claims report provided with each vehicle.",37995,JTEBU5JR7F5262726,32001A,55675,http://azr.cdnmedia.autotrader.ca/5/photos/201803/2216/5202/c8cc9fbc-7e3f-4c00-8893-898dc43a69d6.jpg,Grey,Black,SUV,Gas,4x4,Automatic,4,,4/10/2018,3/22/2018 16:55,2/28/2018 14:07
42,37504153,Toyota,RAV4,LE FWD,2014,Sport Utility,"SOLD CERTIFIED   PLUS HST AND LICENSING TOYOTA CERTIFIED VEHICLE FACTORY POWER TRAIN WARRANTY TILL SEPTEMBER 15,2019/100,000KM ************************************************* Carproof History Report OR UCDA claims report provided with each vehicle.",20995,2T3ZFREV8EW078737,32024A,52935,http://azr.cdnmedia.autotrader.ca/5/photos/201803/2216/2131/ee8e23ac-42bb-44e2-ba0b-60cd728d50ca.jpg,Blue,Dark Grey,SUV,Gas,FWD,Automatic,4,,4/10/2018,3/22/2018 16:26,3/2/2018 19:18
43,37482380,Toyota,RAV4,LE FWD,2014,Sport Utility,"SOLD CERTIFIED   PLUS HST AND LICENSING  TOYOTA CERTIFIED VEHICLE  FACTORY POWER TRAIN WARRANTY TILL MARCH 12, 2019/100,000KM  *************************************************  Carproof History Report OR UCDA claims report provided with each vehicle.",19995,2T3ZFREV8EW088555,31800A,73504,http://azr.cdnmedia.autotrader.ca/5/photos/import/201803/2013/5136/15bde641-efc5-4dc9-b79f-58659f2a1d02.jpg,Grey,Dark Grey,SUV,Gas,FWD,Automatic,4,,4/10/2018,3/20/2018 13:46,3/1/2018 16:34
44,37482385,Toyota,Avalon,XLE LIMITED,2014,Car,"SOLD CERTIFIED  PLUS HST AND LICENSING TOYOTA CERTIFIED VEHICLE FACTORY POWER TRAIN WARRANTY TILL AUGUST 20,2019/100,000KM ************************************************* Carproof History Report OR UCDA claims report provided with each vehicle.",22995,4T1BK1EB9EU125254,31819A,80123,http://azr.cdnmedia.autotrader.ca/5/photos/201803/2215/3726/15cde3b6-654e-4c6f-8f08-8baa689ab27b.jpg, ,Beige,Sedan,Gas,FWD,Automatic,4,,4/10/2018,3/22/2018 15:40,3/1/2018 16:36
45,37839079,Scion,iM,ALLOY WHEELS,2016,Car,"SOLD CERTIFIED   PLUS HST AND LICENSING TOYOTA CERTIFIED VEHICLE FACTORY POWER TRAIN WARRANTY TILL APRIL 25,2021/100,000KM ************************************************* Carproof History Report OR UCDA claims report provided with each vehicle.",17995,JTNKARJE0GJ513088,U6905,25555,http://azr.cdnmedia.autotrader.ca/5/photos/201803/2918/1658/4fd4d3d6-7277-4ec4-98bb-8e3de49a1ce2.jpg,Burgundy ,Beige,Hatchback,Gas,FWD,Automatic,4,,4/10/2018,3/29/2018 18:23,3/22/2018 13:49
46,37868814,Toyota,Tundra,SR 5.7L V8,2016,Truck,SOLD CERTIFIED   PLUS HST AND LICENSING TOYOTA CERTIFIED VEHICLE FACTORY POWER TRAIN WARRANTY TILL  ************************************************* Carproof History Report OR UCDA claims report provided with each vehicle.,37995,5TFUY5F18GX555237,U6906,15347,http://azr.cdnmedia.autotrader.ca/5/photos/201804/0916/3600/400c4566-f19d-444a-8fc0-61d145f210b5.jpg,Black,Dark Grey,Truck Double Cab, ,4x4,Automatic,4,,4/10/2018,4/9/2018 16:35,3/23/2018 18:37
47,38107159,Toyota,Venza,Base,2014,Sport Utility,"SOLD CERTIFIED   PLUS HST AND LICENSING TOYOTA CERTIFIED VEHICLE FACTORY POWER TRAIN WARRANTY TILL SEPTEMBER 04,2019/100,000KM ************************************************* Carproof History Report OR UCDA claims report provided with each vehicle.",23995,4T3BA3BB5EU063684,31815A,46478,http://azr.cdnmedia.autotrader.ca/5/photos/201804/0915/1210/dcf8ab9f-6224-43bb-b918-a1bb9765602d.jpg,Grey,Dark Grey,SUV, ,AWD,Automatic,4,,4/10/2018,4/9/2018 15:19,4/6/2018 13:34
48,36858372,Scion,FR-S,-,2016,Car,"SOLD CERTIFIED     PLUS HST AND LICENSING    TOYOTA CERTIFIED VEHICLE    FACTORY POWER TRAIN WARRANTY TILL SEPTEMBER 15,2021/100,000KM    *************************************************    Carproof History Report OR UCDA claims report provided with each vehicle.",19995,JF1ZNAA14G9700282,U6877,18664,http://azr.cdnmedia.autotrader.ca/5/photos/import/201801/1205/2531/3d1326c2-f2c9-4d75-b135-f7ebb5066124.jpg,SILVER,Black,Coupe,Gas,RWD,Manual,2,,4/10/2018,4/6/2018 15:37,1/11/2018 14:23
49,38107532,Toyota,Highlander,LIMITED,2016,Sport Utility,"SOLD CERTIFIED   PLUS HST AND LICENSING TOYOTA CERTIFIED VEHICLE FACTORY POWER TRAIN WARRANTY TILL JUNE 28, 2021/100,000KM ************************************************* Carproof History Report OR UCDA claims report provided with each vehicle.",40995,5TDDKRFH5GS267834,32123A,42280,http://azr.cdnmedia.autotrader.ca/5/photos/201804/0916/1219/cdf95beb-6273-45b2-abe1-6e8840f8325a.jpg,White,Dark Grey,SUV, ,AWD,6 Speed Automatic,4,,4/10/2018,4/9/2018 16:12,4/6/2018 14:15
50,38171193,Toyota,Camry,LE,2015,Car,SOLD CERTIFIED   PLUS HST AND LICENSING  TOYOTA CERTIFIED VEHICLE  FACTORY POWER TRAIN WARRANTY TILL   *************************************************  Carproof History Report OR UCDA claims report provided with each vehicle.,0,4T1BF1FK7FU074003,LB655,0,,SILVER, , ,Gas, ,Automatic,4,,4/11/2018,4/10/2018 15:50,4/10/2018 15:55
51,38171194,Mazda,626,LX,2002,Car,SOLD CERTIFIED   PLUS HST AND LICENSING  TOYOTA CERTIFIED VEHICLE  FACTORY POWER TRAIN WARRANTY TILL   *************************************************  Carproof History Report OR UCDA claims report provided with each vehicle.,0,1YVGF22D725284445,31600A,168325,,Black, , ,Gas, ,Automatic,4,,4/11/2018,4/10/2018 15:50,4/10/2018 15:55
52,38171195,Toyota,Sienna,LE,2014,Minivan/Passenger Van,SOLD CERTIFIED   PLUS HST AND LICENSING  TOYOTA CERTIFIED VEHICLE  FACTORY POWER TRAIN WARRANTY TILL   *************************************************  Carproof History Report OR UCDA claims report provided with each vehicle.,0,5TDKK3DC4ES412242,LB654,55350,,Grey, , ,Gas, , ,5,,4/11/2018,4/10/2018 15:50,4/10/2018 15:55
53,38171196,Kia,Rio,EX Premium,2007,Car,SOLD CERTIFIED   PLUS HST AND LICENSING  TOYOTA CERTIFIED VEHICLE  FACTORY POWER TRAIN WARRANTY TILL   *************************************************  Carproof History Report OR UCDA claims report provided with each vehicle.,0,KNADE123276223449,32163A,225962,,Red, , ,Gas, , ,4,,4/11/2018,4/10/2018 15:50,4/10/2018 15:55
54,37839016,Mazda,MAZDA3,GS,2016,Car,SOLD CERTIFIED   PLUS HST AND LICENSING    *************************************************  Carproof History Report OR UCDA claims report provided with each vehicle.,16995,3MZBM1L73GM306478,32005B,44572,http://azr.cdnmedia.autotrader.ca/5/photos/import/201804/0719/1124/0800fbae-e96c-4da8-a3f6-8a2c5ee10bfa.jpg,Blue,Dark Grey,Hatchback,Gas,FWD,Automatic,4,,4/12/2018,4/11/2018 0:59,3/22/2018 13:46
55,38107144,Toyota,RAV4,LE,2015,Sport Utility,"SOLD CERTIFIED   PLUS HST AND LICENSING  TOYOTA CERTIFIED VEHICLE  FACTORY POWER TRAIN WARRANTY TILL NOVEMBER 08,2019/100,000KM  *************************************************  Carproof History Report OR UCDA claims report provided with each vehicle.",20995,2T3ZFREV2FW138397,31771A,77143,http://azr.cdnmedia.autotrader.ca/5/photos/201804/1216/4558/958d3202-4c03-436c-b097-d05218bf5183.jpg,Grey,Dark Grey,SUV, ,FWD,Automatic,4,,4/13/2018,4/12/2018 16:45,4/6/2018 13:31
56,38107329,Toyota,Corolla,S,2014,Car,"SOLD CERTIFIED   PLUS HST AND LICENSING  TOYOTA CERTIFIED VEHICLE  FACTORY POWER TRAIN WARRANTY TILL APRIL 08,2019/100,000KM  *************************************************  Carproof History Report OR UCDA claims report provided with each vehicle.",16995,2T1BURHE0EC130701,32034A,64560,http://azr.cdnmedia.autotrader.ca/5/photos/201804/1216/2603/f9acee9f-bbee-4c0b-8fce-843fb1f633da.jpg,Burgundy ,Beige,Sedan, ,FWD,Automatic,4,,4/13/2018,4/12/2018 16:25,4/6/2018 13:53
57,38229525,Toyota,Corolla,CE,2012,Car,SOLD CERTIFIED   PLUS HST AND LICENSING  TOYOTA CERTIFIED VEHICLE  FACTORY POWER TRAIN WARRANTY TILL   *************************************************  Carproof History Report OR UCDA claims report provided with each vehicle.,0,2T1BU4EE7CC768447,U6849A,117305,,Brown, , ,Gas, ,Automatic,4,,4/15/2018,4/13/2018 10:16,4/13/2018 10:25
58,38250206,Toyota,RAV4,LE,2013,Sport Utility,SOLD CERTIFIED   PLUS HST AND LICENSING  TOYOTA CERTIFIED VEHICLE  FACTORY POWER TRAIN WARRANTY TILL   *************************************************  Carproof History Report OR UCDA claims report provided with each vehicle.,0,2T3ZFREV8DW056185,LB659,152424,,Green , , ,Gas, , ,4,,4/15/2018,4/14/2018 10:15,4/14/2018 10:21
59,38250213,Dodge,Grand Caravan,SE,2010,Minivan/Passenger Van,SOLD CERTIFIED   PLUS HST AND LICENSING  TOYOTA CERTIFIED VEHICLE  FACTORY POWER TRAIN WARRANTY TILL   *************************************************  Carproof History Report OR UCDA claims report provided with each vehicle.,0,2D4RN4DE2AR470949,32033A,116300,,SILVER, , , , , ,4,,4/15/2018,4/14/2018 10:15,4/14/2018 10:21
60,38240971,Toyota,Avalon,LIMITED,2014,Car,"SOLD CERTIFIED   PLUS HST AND LICENSING  TOYOTA CERTIFIED VEHICLE  FACTORY POWER TRAIN WARRANTY TILL AUGUST 20,2019/100,000KM  *************************************************  Carproof History Report OR UCDA claims report provided with each vehicle.",22995,4T1BK1EB9EU125254,31819A,80123,,White, ,Sedan,Gas,FWD,Automatic,4,,4/16/2018,4/13/2018 22:44,4/13/2018 22:49
61,38229540,Ford,Fusion,Titanium,2014,Car,SOLD CERTIFIED   PLUS HST AND LICENSING  TOYOTA CERTIFIED VEHICLE  FACTORY POWER TRAIN WARRANTY TILL   *************************************************  Carproof History Report OR UCDA claims report provided with each vehicle.,0,3FA6P0D95ER302492,31575A,64690,,White, , ,Gas, , ,4,,4/16/2018,4/13/2018 10:16,4/13/2018 10:25
62,38296391,Toyota,XLE Venza V6,"AWD,Navi,Pansun,",2015,Car,SOLD CERTIFIED   PLUS HST AND LICENSING  TOYOTA CERTIFIED VEHICLE  FACTORY POWER TRAIN WARRANTY TILL   *************************************************  Carproof History Report OR UCDA claims report provided with each vehicle.,26995,4T3BK3BB3FU113979,32177A,31925,http://azr.cdnmedia.autotrader.ca/5/photos/201804/1216/0921/350119e1-f009-4088-8eb1-ecfb683cb548.jpg,Grey, , ,Gas, , ,4,,4/17/2018,4/17/2018 10:15,4/17/2018 10:21
